{
  "pages": [
    {
      "id": 0,
      "name": "General"
    }
  ],
  "current_page_id": 0,
  "todos": [
    {
      "id": 1769550162094,
      "text": "Estoque Mãe",
      "completed": false,
      "createdAt": "2026-01-27T21:42:42.094Z",
      "pageId": 0,
      "priority": "medium",
      "details": ""
    }
  ],
  "count": 1,
  "completedCount": 0,
  "isExpanded": false,
  "useCustomColors": false,
  "priorityColors": {
    "high": {
      "r": 1,
      "g": 0.7058823704719543,
      "b": 0.6705882549285889,
      "a": 1,
      "hsvHue": 0.01786111108958721,
      "hsvSaturation": 0.3294117748737335,
      "hsvValue": 1,
      "hslHue": 0.01786111108958721,
      "hslSaturation": 1,
      "hslLightness": 0.8352941274642944,
      "valid": true
    },
    "medium": {
      "r": 1,
      "g": 0.7058823704719543,
      "b": 0.6431372761726379,
      "a": 1,
      "hsvHue": 0.029305554926395416,
      "hsvSaturation": 0.35686275362968445,
      "hsvValue": 1,
      "hslHue": 0.029305554926395416,
      "hslSaturation": 1,
      "hslLightness": 0.8215762376785278,
      "valid": true
    },
    "low": {
      "r": 0.8470588326454163,
      "g": 0.7607843279838562,
      "b": 0.7411764860153198,
      "a": 1,
      "hsvHue": 0.030861111357808113,
      "hsvSaturation": 0.1250019073486328,
      "hsvValue": 0.8470588326454163,
      "hslHue": 0.030861111357808113,
      "hslSaturation": 0.2571450471878052,
      "hslLightness": 0.7941252589225769,
      "valid": true
    }
  }
}
