{
  "pages": [
    {
      "id": 0,
      "name": "General"
    }
  ],
  "current_page_id": 0,
  "todos": [],
  "count": 0,
  "completedCount": 0,
  "isExpanded": false,
  "useCustomColors": false,
  "priorityColors": {
    "high": {
      "r": 1,
      "g": 0.7058823704719543,
      "b": 0.6705882549285889,
      "a": 1,
      "hsvHue": 0.01786111108958721,
      "hsvSaturation": 0.3294117748737335,
      "hsvValue": 1,
      "hslHue": 0.01786111108958721,
      "hslSaturation": 1,
      "hslLightness": 0.8352941274642944,
      "valid": true
    },
    "medium": {
      "r": 0.6549019813537598,
      "g": 0.7843137383460999,
      "b": 1,
      "a": 1,
      "hsvHue": 0.6041666865348816,
      "hsvSaturation": 0.3450980484485626,
      "hsvValue": 1,
      "hslHue": 0.6041666865348816,
      "hslSaturation": 1,
      "hslLightness": 0.8274509906768799,
      "valid": true
    },
    "low": {
      "r": 0.7686274647712708,
      "g": 0.7764706015586853,
      "b": 0.8117647171020508,
      "a": 1,
      "hsvHue": 0.6363611221313477,
      "hsvSaturation": 0.053147174417972565,
      "hsvValue": 0.8117647171020508,
      "hslHue": 0.6363611221313477,
      "hslSaturation": 0.10280003398656845,
      "hslLightness": 0.7902036905288696,
      "valid": true
    }
  }
}
